{
    "name": "Sierpinsky Pentagon",
    "starting_figure": [
        [ 0.000000,  0.000000 ],
        [ 1.000000,  0.000000 ],
        [ 1.309017,  0.951057 ],
        [ 0.500000,  1.538842 ],
        [ -0.309017,  0.951057 ]
    ],
    "mappings": [
      [ 0.382,  0.000,  0.000,  0.382,  0.000,   0.000 ],
      [ 0.382,  0.000,  0.000,  0.382,  0.618,   0.000 ],
      [ 0.382,  0.000,  0.000,  0.382,  0.809,   0.588 ],
      [ 0.382,  0.000,  0.000,  0.382,  0.309,   0.951 ],
      [ 0.382,  0.000,  0.000,  0.382, -0.191,   0.588 ]
    ]
}
  